{
  "company": {
    "name": "TRANSPORTES ELIZONDO JIMENEZ",
    "rfc": "TEJ2304191I0",
    "extraction_date": "2026-01-06T16:06:38.796974"
  },
  "statistics": {
    "total_rfcs": 79,
    "total_amounts_sampled": 13,
    "total_dates_found": 0,
    "avg_amount": 1.027692307692308,
    "max_amount": 1.06,
    "min_amount": 1.0
  },
  "rfcs": [
    "AAPM850603A78",
    "AARB0210068GA",
    "AARC681122JPA",
    "AAVA790903R38",
    "AIRJ820123BLA",
    "AOBE9709276T3",
    "AOJC0402276J5",
    "AOSC750503EK4",
    "AURD870504DSA",
    "BAAF980209N15",
    "BURJ970423M62",
    "CAAI850221RU8",
    "CAGX860728366",
    "CAJA931028DB3",
    "CAJJ740123JX1",
    "CARR760917Q28",
    "CURC9312255VA",
    "CURD701119AN7",
    "DACR840513GK6",
    "DIAE750113RD9",
    "DIJJ8607157D5",
    "DIRL0406252Q6",
    "EACJ950804AI5",
    "EALD880325HH3",
    "EALJ930114UV0",
    "EILA850810NA7",
    "EIMA7707108V7",
    "FACA8710268I5",
    "FOGF000214R83",
    "FOGJ030528175",
    "GAEJ961129TK0",
    "GAPM980327BY6",
    "GASJ750524MT0",
    "GOCJ830115418",
    "GOGJ8010022W1",
    "GOMP8802259F9",
    "GOSJ8502153U6",
    "GUVA8007195C6",
    "HESA890422VE4",
    "JIOA790527BF7",
    "LAAT721105UJA",
    "LALA680509J46",
    "LETA8705184A2",
    "MAGH840413PA6",
    "MAGJ840907EQ2",
    "MAGN820706DH6",
    "MAOG740129A64",
    "MEMJ8608276H0",
    "MOBC930806KT9",
    "NASJ970530IT8"
  ],
  "sample_amounts": [
    1.0,
    1.0,
    1.0,
    1.0,
    1.0,
    1.0,
    1.0,
    1.06,
    1.06,
    1.06,
    1.06,
    1.06,
    1.06
  ],
  "sample_dates": []
}